{
  "model_type": "LSTMAutoencoder",
  "timesteps_original": 1800,
  "subsample_factor": 6,
  "seq_len": 300,
  "hidden_size": 64,
  "num_layers": 2,
  "bottleneck_dim": 64,
  "epochs": 50,
  "batch_size": 32,
  "learning_rate": 0.001,
  "threshold_percentile": 99,
  "anomaly_threshold": 0.05039899125695228,
  "normal_error_mean": 0.04857967291847802,
  "normal_error_std": 0.0008895033049478673,
  "normal_curves_count": 1521,
  "best_val_loss": 0.048668963834643364,
  "train_losses": [
    0.258758,
    0.051804,
    0.048936,
    0.048676,
    0.048644,
    0.048643,
    0.048604,
    0.048601,
    0.048639,
    0.048617,
    0.048616,
    0.048632,
    0.048602,
    0.048602,
    0.048606,
    0.048602,
    0.048605,
    0.048596,
    0.048607,
    0.048597,
    0.048586,
    0.0486,
    0.048588,
    0.048586,
    0.048601,
    0.048599,
    0.048597,
    0.048596,
    0.048601,
    0.048591,
    0.048594,
    0.048593,
    0.048587,
    0.048587,
    0.048579,
    0.048592,
    0.048577,
    0.048586,
    0.048576,
    0.048583,
    0.048584,
    0.048589,
    0.04859,
    0.048566,
    0.048575,
    0.048571,
    0.048582,
    0.048586,
    0.048582,
    0.048572
  ],
  "val_losses": [
    0.057934,
    0.049509,
    0.048734,
    0.048681,
    0.048673,
    0.048671,
    0.048672,
    0.04867,
    0.048669,
    0.048675,
    0.048669,
    0.048672,
    0.048673,
    0.048671,
    0.04867,
    0.048673,
    0.048669,
    0.048677,
    0.048669,
    0.048676,
    0.048673,
    0.04867,
    0.04867,
    0.04867,
    0.048672,
    0.04867,
    0.048676,
    0.048702,
    0.048678,
    0.048673,
    0.04868,
    0.0487,
    0.048671,
    0.04867,
    0.048671,
    0.048672,
    0.048673,
    0.048692,
    0.048677,
    0.04867,
    0.04867,
    0.04868,
    0.048675,
    0.048685,
    0.048671,
    0.048669,
    0.048673,
    0.048678,
    0.048672,
    0.048693
  ]
}