{
  "temperature": {
    "lower": 171.0,
    "upper": 195.0
  },
  "conveyor_speed": {
    "lower": 56.4,
    "upper": 93.20000000000002
  },
  "hold_time": {
    "lower": 6.412499999999998,
    "upper": 29.312500000000004
  },
  "batch_size": {
    "lower": 288.125,
    "upper": 717.125
  },
  "quality_score": {
    "lower": 82.79999999999998,
    "upper": 99.6
  },
  "yield_pct": {
    "lower": 85.55,
    "upper": 99.55
  },
  "performance_pct": {
    "lower": 83.89999999999998,
    "upper": 98.30000000000001
  },
  "energy_kwh": {
    "lower": 24.400000000000006,
    "upper": 42.8
  }
}